tanggal,kabupaten,total,K,T,P,tingkat
2026-10-07,Kab. Balangan,58,45.5,41.0,100.0,KRITIS
2026-10-07,Kab. Banjar,54,43.7,46.0,83.3,KRITIS
2026-10-07,Kab. Barito Kuala,60,47.8,50.6,91.7,KRITIS
2026-10-07,Kab. Hulu Sungai Selatan,62,48.2,57.8,91.7,KRITIS
2026-10-07,Kab. Hulu Sungai Tengah,60,44.9,54.7,90.0,KRITIS
2026-10-07,Kab. Hulu Sungai Utara,60,46.9,47.3,100.0,KRITIS
2026-10-07,Kab. Kotabaru,44,42.0,42.2,50.0,RENTAN
2026-10-07,Kab. Tabalong,58,42.4,47.5,100.0,KRITIS
2026-10-07,Kab. Tanah Bumbu,44,41.0,43.8,50.0,RENTAN
2026-10-07,Kab. Tanah Laut,43,41.6,42.0,46.9,RENTAN
2026-10-07,Kab. Tapin,59,45.3,52.5,88.9,KRITIS
2026-10-07,Kota Banjarbaru,51,42.9,46.8,68.8,KRITIS
2026-10-07,Kota Banjarmasin,59,48.5,49.5,90.0,KRITIS
2026-10-08,Kab. Balangan,58,45.5,41.0,100.0,KRITIS
2026-10-08,Kab. Banjar,53,43.7,42.7,83.3,KRITIS
2026-10-08,Kab. Barito Kuala,54,47.8,45.1,77.8,KRITIS
2026-10-08,Kab. Hulu Sungai Selatan,60,48.2,49.3,93.8,KRITIS
2026-10-08,Kab. Hulu Sungai Tengah,57,44.9,46.4,91.2,KRITIS
2026-10-08,Kab. Hulu Sungai Utara,57,46.9,44.0,91.7,KRITIS
2026-10-08,Kab. Kotabaru,43,41.7,38.4,51.7,RENTAN
2026-10-08,Kab. Tabalong,54,42.4,36.0,100.0,KRITIS
2026-10-08,Kab. Tanah Bumbu,43,41.0,40.5,50.0,RENTAN
2026-10-08,Kab. Tanah Laut,43,41.6,36.5,53.1,RENTAN
2026-10-08,Kab. Tapin,54,45.3,44.6,83.3,KRITIS
2026-10-08,Kota Banjarbaru,52,42.9,44.8,75.0,KRITIS
2026-10-08,Kota Banjarmasin,55,48.5,46.9,75.0,KRITIS
